{
  "Negative: Get Drafts Gmail List" : {
    "transaction" : "Negative: Get Drafts Gmail List",
    "sampleCount" : 411,
    "errorCount" : 411,
    "errorPct" : 100.0,
    "meanResTime" : 571.2919708029198,
    "medianResTime" : 465.0,
    "minResTime" : 314.0,
    "maxResTime" : 5313.0,
    "pct1ResTime" : 1094.6000000000004,
    "pct2ResTime" : 1273.4,
    "pct3ResTime" : 2071.1599999999985,
    "throughput" : 3.3986884866326523,
    "receivedKBytesPerSec" : 3.5057131276410125,
    "sentKBytesPerSec" : 1.5864971646586012
  },
  "Get Drafts Gmail List" : {
    "transaction" : "Get Drafts Gmail List",
    "sampleCount" : 333,
    "errorCount" : 0,
    "errorPct" : 0.0,
    "meanResTime" : 595.1381381381381,
    "medianResTime" : 495.0,
    "minResTime" : 340.0,
    "maxResTime" : 3598.0,
    "pct1ResTime" : 1093.6000000000006,
    "pct2ResTime" : 1311.000000000001,
    "pct3ResTime" : 2323.900000000008,
    "throughput" : 2.7941164131264737,
    "receivedKBytesPerSec" : 3.885445225773836,
    "sentKBytesPerSec" : 1.3042848100336468
  },
  "Total" : {
    "transaction" : "Total",
    "sampleCount" : 853,
    "errorCount" : 411,
    "errorPct" : 48.182884,
    "meanResTime" : 549.1840562719817,
    "medianResTime" : 452.0,
    "minResTime" : 177.0,
    "maxResTime" : 5313.0,
    "pct1ResTime" : 978.6000000000001,
    "pct2ResTime" : 1261.6,
    "pct3ResTime" : 2114.92,
    "throughput" : 7.053725739896964,
    "receivedKBytesPerSec" : 8.180831766470408,
    "sentKBytesPerSec" : 3.2970582816156586
  },
  "Get Access token" : {
    "transaction" : "Get Access token",
    "sampleCount" : 109,
    "errorCount" : 0,
    "errorPct" : 0.0,
    "meanResTime" : 325.4311926605506,
    "medianResTime" : 255.0,
    "minResTime" : 177.0,
    "maxResTime" : 3949.0,
    "pct1ResTime" : 460.0,
    "pct2ResTime" : 591.5,
    "pct3ResTime" : 3635.1000000000176,
    "throughput" : 0.9037692983765319,
    "receivedKBytesPerSec" : 0.8481663044334444,
    "sentKBytesPerSec" : 0.42628962023033684
  }
}