{
  "Negative: Get Drafts Gmail List" : {
    "transaction" : "Negative: Get Drafts Gmail List",
    "sampleCount" : 1468,
    "errorCount" : 1468,
    "errorPct" : 100.0,
    "meanResTime" : 450.4121253405993,
    "medianResTime" : 402.0,
    "minResTime" : 305.0,
    "maxResTime" : 2587.0,
    "pct1ResTime" : 607.0,
    "pct2ResTime" : 726.0999999999999,
    "pct3ResTime" : 1148.7899999999995,
    "throughput" : 4.886606105594631,
    "receivedKBytesPerSec" : 5.042560028818659,
    "sentKBytesPerSec" : 2.2810524594474937
  },
  "Get Drafts Gmail List" : {
    "transaction" : "Get Drafts Gmail List",
    "sampleCount" : 871,
    "errorCount" : 0,
    "errorPct" : 0.0,
    "meanResTime" : 503.0734787600462,
    "medianResTime" : 459.0,
    "minResTime" : 331.0,
    "maxResTime" : 1909.0,
    "pct1ResTime" : 700.8000000000001,
    "pct2ResTime" : 823.4,
    "pct3ResTime" : 1281.8799999999994,
    "throughput" : 2.9200653075455696,
    "receivedKBytesPerSec" : 4.06398651250834,
    "sentKBytesPerSec" : 1.3630773603581856
  },
  "Total" : {
    "transaction" : "Total",
    "sampleCount" : 2918,
    "errorCount" : 1468,
    "errorPct" : 50.30843,
    "meanResTime" : 422.4153529814932,
    "medianResTime" : 383.0,
    "minResTime" : 164.0,
    "maxResTime" : 2587.0,
    "pct1ResTime" : 613.0999999999999,
    "pct2ResTime" : 741.0,
    "pct3ResTime" : 1188.389999999999,
    "throughput" : 9.713294697632927,
    "receivedKBytesPerSec" : 10.886474541922286,
    "sentKBytesPerSec" : 4.543546483299657
  },
  "Get Access token" : {
    "transaction" : "Get Access token",
    "sampleCount" : 579,
    "errorCount" : 0,
    "errorPct" : 0.0,
    "meanResTime" : 230.09671848013818,
    "medianResTime" : 200.0,
    "minResTime" : 164.0,
    "maxResTime" : 2354.0,
    "pct1ResTime" : 285.0,
    "pct2ResTime" : 349.0,
    "pct3ResTime" : 765.4000000000042,
    "throughput" : 1.9324929158614614,
    "receivedKBytesPerSec" : 1.813599308733266,
    "sentKBytesPerSec" : 0.9115176546494979
  }
}